Workbook

Sheet Ideias
A1: Ideias para melhorar o visual, o dinamismo e a fluidez do Sistema UAN
A2: Restrições: sem bibliotecas nem ficheiros externos, funciona offline, CSP limitada ao próprio servidor; todas as animações respeitam o modo de movimento reduzido.
A3: Colunas a preencher (fundo amarelo): Estado e Notas. Prioridade 1 = fazer primeiro. Recomendado = Sim marca o pacote que sugeri começar.
A5: Nº | B5: Pacote | C5: Ideia | D5: Como funciona | E5: Benefício para o analista | F5: Prioridade | G5: Recomendado | H5: Estado | I5: Notas
A6: 1 | B6: 1. Fluidez | C6: Decisão sem recarregar a página | D6: Ao carregar em 1–4, o item sai com animação para o lado, o seguinte sobe e o contador do menu desce; o envio vai em segundo plano e, se falhar, o item volta com uma mensagem. | E6: A fila parece uma caixa de correio rápida; hoje cada decisão recarrega a página. | F6: 1 | G6: Sim | H6: Aprovada
A7: 2 | B7: 1. Fluidez | C7: Desfazer durante 5 segundos | D7: Depois de cada decisão, uma pequena notificação no canto permite anular a decisão. | E7: Engano corrigido sem ir à página da publicação. | F7: 1 | G7: Sim | H7: Aprovada
A8: 3 | B8: 1. Fluidez | C8: Notificações discretas no canto | D8: Confirmações ("Decisão gravada", "Alerta enviado") aparecem no canto em vez de faixas no topo. | E8: O conteúdo não salta para baixo a cada acção. | F8: 1 | G8: Sim | H8: Aprovada
A9: 4 | B9: 1. Fluidez | C9: Transições entre páginas | D9: View Transitions API (navegadores Chromium): o conteúdo desliza e o menu fica parado; sem suporte, nada muda. | E9: Navegar parece uma aplicação, não uma sucessão de páginas. | F9: 1 | G9: Não | H9: Rejeitada
A10: 5 | B10: 1. Fluidez | C10: Esqueletos de carregamento | D10: Blocos cinzentos animados no mapa e no relatório enquanto calculam. | E10: Não há ecrã em branco nos períodos longos. | F10: 1 | G10: Não | H10: Rejeitada
A11: 6 | B11: 2. Dinamismo | C11: Alertas em tempo real | D11: O contador do menu actualiza sozinho através da consulta a /estado; um alerta novo faz o número dar um pulso e mostra uma notificação. | E11: O sistema mostra que está vivo sem recarregar. | F11: 2 | G11: Sim | H11: Aprovada
A12: 7 | B12: 2. Dinamismo | C12: Números animados nos indicadores | D12: Os indicadores contam de 0 até ao valor em cerca de meio segundo ao abrir a página; algarismos tabulares evitam saltos. | E12: Leitura mais viva dos totais. | F12: 2 | G12: Sim | H12: Aprovada
A13: 8 | B13: 2. Dinamismo | C13: Mapa interactivo | D13: Províncias acendem uma a uma; cartão flutuante com nome, taxa, casos e variação ao passar o rato; clique realça a linha da tabela e desliza até ela. | E13: Exploração mais rápida do que com a dica nativa do navegador. | F13: 2 | G13: Sim | H13: Aprovada
A14: 9 | B14: 2. Dinamismo | C14: Linhas de tendência pequenas | D14: Pequena linha com a evolução dos últimos períodos na tabela por província e nos indicadores, desenhada em SVG no servidor. | E14: Mostra a tendência de relance. | F14: 2 | G14: Não | H14: Aprovada
A15: 10 | B15: 2. Dinamismo | C15: Progresso com tempo estimado | D15: A barra de classificação indica "faltam ~40 s", calculado a partir do ritmo dos sublotes. | E15: O analista sabe quanto falta. | F15: 2 | G15: Não | H15: Rejeitada
A16: 11 | B16: 3. Visual | C16: Modo escuro | D16: Automático conforme o Windows e com botão próprio; as cores já estão em variáveis. | E16: Conforto em turnos de análise longos. | F16: 3 | G16: Não | H16: Aprovada
A17: 12 | B17: 3. Visual | C17: Ícones SVG próprios no menu | D17: Fila, alertas, mapa, relatório… num ficheiro local, sem FontAwesome. | E17: Menu mais fácil de percorrer de relance. | F17: 3 | G17: Não | H17: Aprovada
... A39: 34 | B39: 9. Defesa e confiança | C39: Visita guiada na primeira entrada | D39: Quatro passos curtos que apontam a fila, as decisões, os alertas e o mapa; pode ser repetida no menu. | E39: Analistas novos aprendem sozinhos a usar o sistema. | F39: 3 | G39: Não | H39: Por decidir
A41: A evitar: animações longas (mais de 300 ms) e efeitos decorativos em cima dos dados. Numa ferramenta de análise, o movimento deve explicar o que mudou, não enfeitar.
A42: Fonte: sugestões de Claude na conversa de 15/10/2026, para a aplicação web do Sistema UAN (dissertação UAN).

Sheet Resumo
A1: Resumo por pacote e por estado
A2: Calculado a partir da folha Ideias; actualiza-se ao mudar o Estado.
A4: Pacote | B4: Ideias | C4: Recomendadas | D4: Prioridade | E4: Aprovadas | F4: Em curso | G4: Feitas | H4: Rejeitadas | I4: % concluído
A5: 1. Fluidez | B5: =COUNTIF(Ideias!$B$6:$B$39,A5) -> 5 | C5: =COUNTIFS(Ideias!$B$6:$B$39,A5,Ideias!$G$6:$G$39,"Sim") -> 3 | D5: =IFERROR(INDEX(Ideias!$F$6:$F$39,MATCH(A5,Ideias!$B$6:$B$39,0)),"") -> 1 | E5: =COUNTIFS(Ideias!$B$6:$B$39,$A5,Ideias!$H$6:$H$39,"Aprovada") -> 3 | F5: =COUNTIFS(Ideias!$B$6:$B$39,$A5,Ideias!$H$6:$H$39,"Em curso") -> 0 | G5: =COUNTIFS(Ideias!$B$6:$B$39,$A5,Ideias!$H$6:$H$39,"Feita") -> 0 | H5: =COUNTIFS(Ideias!$B$6:$B$39,$A5,Ideias!$H$6:$H$39,"Rejeitada") -> 2 | I5: =IF(B5-H5=0,0,G5/(B5-H5)) -> 0
A6: 2. Dinamismo | B6: =COUNTIF(Ideias!$B$6:$B$39,A6) -> 5 | C6: =COUNTIFS(Ideias!$B$6:$B$39,A6,Ideias!$G$6:$G$39,"Sim") -> 3 | D6: =IFERROR(INDEX(Ideias!$F$6:$F$39,MATCH(A6,Ideias!$B$6:$B$39,0)),"") -> 2 | E6: =COUNTIFS(Ideias!$B$6:$B$39,$A6,Ideias!$H$6:$H$39,"Aprovada") -> 4 | F6: =COUNTIFS(Ideias!$B$6:$B$39,$A6,Ideias!$H$6:$H$39,"Em curso") -> 0 | G6: =COUNTIFS(Ideias!$B$6:$B$39,$A6,Ideias!$H$6:$H$39,"Feita") -> 0 | H6: =COUNTIFS(Ideias!$B$6:$B$39,$A6,Ideias!$H$6:$H$39,"Rejeitada") -> 1 | I6: =IF(B6-H6=0,0,G6/(B6-H6)) -> 0
A7: 3. Visual | B7: =COUNTIF(Ideias!$B$6:$B$39,A7) -> 6 | C7: =COUNTIFS(Ideias!$B$6:$B$39,A7,Ideias!$G$6:$G$39,"Sim") -> 0 | D7: =IFERROR(INDEX(Ideias!$F$6:$F$39,MATCH(A7,Ideias!$B$6:$B$39,0)),"") -> 3 | E7: =COUNTIFS(Ideias!$B$6:$B$39,$A7,Ideias!$H$6:$H$39,"Aprovada") -> 6 | F7: =COUNTIFS(Ideias!$B$6:$B$39,$A7,Ideias!$H$6:$H$39,"Em curso") -> 0 | G7: =COUNTIFS(Ideias!$B$6:$B$39,$A7,Ideias!$H$6:$H$39,"Feita") -> 0 | H7: =COUNTIFS(Ideias!$B$6:$B$39,$A7,Ideias!$H$6:$H$39,"Rejeitada") -> 0 | I7: =IF(B7-H7=0,0,G7/(B7-H7)) -> 0
A8: 4. Produtividade | B8: =COUNTIF(Ideias!$B$6:$B$39,A8) -> 3 | C8: =COUNTIFS(Ideias!$B$6:$B$39,A8,Ideias!$G$6:$G$39,"Sim") -> 0 | D8: =IFERROR(INDEX(Ideias!$F$6:$F$39,MATCH(A8,Ideias!$B$6:$B$39,0)),"") -> 4 | E8: =COUNTIFS(Ideias!$B$6:$B$39,$A8,Ideias!$H$6:$H$39,"Aprovada") -> 1 | F8: =COUNTIFS(Ideias!$B$6:$B$39,$A8,Ideias!$H$6:$H$39,"Em curso") -> 0 | G8: =COUNTIFS(Ideias!$B$6:$B$39,$A8,Ideias!$H$6:$H$39,"Feita") -> 0 | H8: =COUNTIFS(Ideias!$B$6:$B$39,$A8,Ideias!$H$6:$H$39,"Rejeitada") -> 2 | I8: =IF(B8-H8=0,0,G8/(B8-H8)) -> 0
A9: 5. Leitura da fila | B9: =COUNTIF(Ideias!$B$6:$B$39,A9) -> 4 | C9: =COUNTIFS(Ideias!$B$6:$B$39,A9,Ideias!$G$6:$G$39,"Sim") -> 1 | D9: =IFERROR(INDEX(Ideias!$F$6:$F$39,MATCH(A9,Ideias!$B$6:$B$39,0)),"") -> 2 | E9: =COUNTIFS(Ideias!$B$6:$B$39,$A9,Ideias!$H$6:$H$39,"Aprovada") -> 0 | F9: =COUNTIFS(Ideias!$B$6:$B$39,$A9,Ideias!$H$6:$H$39,"Em curso") -> 0 | G9: =COUNTIFS(Ideias!$B$6:$B$39,$A9,Ideias!$H$6:$H$39,"Feita") -> 0 | H9: =COUNTIFS(Ideias!$B$6:$B$39,$A9,Ideias!$H$6:$H$39,"Rejeitada") -> 0 | I9: =IF(B9-H9=0,0,G9/(B9-H9)) -> 0
A10: 6. Mapa e relatório | B10: =COUNTIF(Ideias!$B$6:$B$39,A10) -> 4 | C10: =COUNTIFS(Ideias!$B$6:$B$39,A10,Ideias!$G$6:$G$39,"Sim") -> 2 | D10: =IFERROR(INDEX(Ideias!$F$6:$F$39,MATCH(A10,Ideias!$B$6:$B$39,0)),"") -> 2 | E10: =COUNTIFS(Ideias!$B$6:$B$39,$A10,Ideias!$H$6:$H$39,"Aprovada") -> 0 | F10: =COUNTIFS(Ideias!$B$6:$B$39,$A10,Ideias!$H$6:$H$39,"Em curso") -> 0 | G10: =COUNTIFS(Ideias!$B$6:$B$39,$A10,Ideias!$H$6:$H$39,"Feita") -> 0 | H10: =COUNTIFS(Ideias!$B$6:$B$39,$A10,Ideias!$H$6:$H$39,"Rejeitada") -> 0 | I10: =IF(B10-H10=0,0,G10/(B10-H10)) -> 0
A11: 7. Alertas | B11: =COUNTIF(Ideias!$B$6:$B$39,A11) -> 2 | C11: =COUNTIFS(Ideias!$B$6:$B$39,A11,Ideias!$G$6:$G$39,"Sim") -> 0 | D11: =IFERROR(INDEX(Ideias!$F$6:$F$39,MATCH(A11,Ideias!$B$6:$B$39,0)),"") -> 2 | E11: =COUNTIFS(Ideias!$B$6:$B$39,$A11,Ideias!$H$6:$H$39,"Aprovada") -> 0 | F11: =COUNTIFS(Ideias!$B$6:$B$39,$A11,Ideias!$H$6:$H$39,"Em curso") -> 0 | G11: =COUNTIFS(Ideias!$B$6:$B$39,$A11,Ideias!$H$6:$H$39,"Feita") -> 0 | H11: =COUNTIFS(Ideias!$B$6:$B$39,$A11,Ideias!$H$6:$H$39,"Rejeitada") -> 0 | I11: =IF(B11-H11=0,0,G11/(B11-H11)) -> 0
A12: 8. Acessibilidade | B12: =COUNTIF(Ideias!$B$6:$B$39,A12) -> 2 | C12: =COUNTIFS(Ideias!$B$6:$B$39,A12,Ideias!$G$6:$G$39,"Sim") -> 0 | D12: =IFERROR(INDEX(Ideias!$F$6:$F$39,MATCH(A12,Ideias!$B$6:$B$39,0)),"") -> 4 | E12: =COUNTIFS(Ideias!$B$6:$B$39,$A12,Ideias!$H$6:$H$39,"Aprovada") -> 0 | F12: =COUNTIFS(Ideias!$B$6:$B$39,$A12,Ideias!$H$6:$H$39,"Em curso") -> 0 | G12: =COUNTIFS(Ideias!$B$6:$B$39,$A12,Ideias!$H$6:$H$39,"Feita") -> 0 | H12: =COUNTIFS(Ideias!$B$6:$B$39,$A12,Ideias!$H$6:$H$39,"Rejeitada") -> 0 | I12: =IF(B12-H12=0,0,G12/(B12-H12)) -> 0
A13: 9. Defesa e confiança | B13: =COUNTIF(Ideias!$B$6:$B$39,A13) -> 3 | C13: =COUNTIFS(Ideias!$B$6:$B$39,A13,Ideias!$G$6:$G$39,"Sim") -> 2 | D13: =IFERROR(INDEX(Ideias!$F$6:$F$39,MATCH(A13,Ideias!$B$6:$B$39,0)),"") -> 1 | E13: =COUNTIFS(Ideias!$B$6:$B$39,$A13,Ideias!$H$6:$H$39,"Aprovada") -> 0 | F13: =COUNTIFS(Ideias!$B$6:$B$39,$A13,Ideias!$H$6:$H$39,"Em curso") -> 0 | G13: =COUNTIFS(Ideias!$B$6:$B$39,$A13,Ideias!$H$6:$H$39,"Feita") -> 0 | H13: =COUNTIFS(Ideias!$B$6:$B$39,$A13,Ideias!$H$6:$H$39,"Rejeitada") -> 0 | I13: =IF(B13-H13=0,0,G13/(B13-H13)) -> 0
A14: Total | B14: =SUM(B5:B13) -> 34 | C14: =SUM(C5:C13) -> 11 | E14: =SUM(E5:E13) -> 14 | F14: =SUM(F5:F13) -> 0 | G14: =SUM(G5:G13) -> 0 | H14: =SUM(H5:H13) -> 5 | I14: =IF(B14-H14=0,0,G14/(B14-H14)) -> 0
A16: % concluído = feitas ÷ (ideias − rejeitadas).
